0,0x-booter.pw
1,123boot.pro
2,1606-stresser.net
3,9yrbrfyd.esy.es
4,absolut-stresser.net
5,acidstresser.net
6,agonyproducts.com
7,akatsuki-stresser.nl
8,alien-stresser.com
9,alienstresser.pro
10,alphares.eu
11,alphastress.com
12,ambushproducts.com
13,ambushstresser.info
14,america-stresser.us
15,ampbox.me
16,ampbox.pro
17,anabolicstresser.net
18,animebooter.net
19,annonitystresser.com
20,anonclan-stresser.net
21,anonmafiastresser.com
22,anonsecurityteam.com
23,anonymous-stresser.com
24,anonymous-stresser.net
25,anonymousbooter.com
26,anonymousddos.eu
27,anxy-stresser.com
28,api-stresser.me
29,apocalypse-booter.com
30,apocalypse-booter.com/EN/
31,apocalypse-solutions.com
32,apocalypsestresser.webs.com
33,arkstresser.com
34,asylumstresser.com
35,atinastresser.com
36,atomstress.org
37,atomstresser.com
38,aurastresser.com
39,avanzatostresser.com
40,avengestresser.com
41,baby-booter.com
42,badbooter.xyz
43,battle.pw
44,bearstresser.xyz
45,bemybooter.eu
46,best-layer.com
47,bestbooter.pw
48,bestresser.com
49,bestresser.net
50,beststresser.com
51,betabooter.com
52,bezobooter.webs.com
53,bigbangbooter.com
54,blunter.se
55,blunter.xyz
56,boganbooter.org
57,boot.lu
58,boot.ml
59,boot4.fun
60,boot4free.com
61,booter-sales.hourb.com
62,booter.cloud
63,booter.eu
64,booter.gold
65,booter.gq
66,booter.in
67,booter.io
68,booter.ninja
69,booter.online
70,booter.org
71,booter.pw
72,booter.rip
73,booter.space
74,booter.tw
75,booter.vip
76,booter.world
77,booter.xyz
78,booterddos.890m.com
79,booterfull.com
80,bootersecurity.com
81,booterstress.cf
82,bootme.club
83,bootme.pro
84,bootplug.com
85,bootr.org
86,bootstresser.com
87,bootyou.net
88,bootyou.xyz
89,bullstresser.com
90,bullstresser.net
91,bullstresser.ovh
92,bullstresser.to
93,buybooters.com
94,buyddos.com
95,buzzbooter.fr
96,buzzbooter.info
97,campingwithkiddos.com
98,carnagestresser.com
99,celerystresser.com
100,centexbooter.com
101,chargen.cf
102,client.undisclosed.to
103,cloudstress.com
104,cmdbooter.ml
105,cnstresser.com
106,cobra-api.com
107,coinstresser.com
108,connectionstresser.com
109,cpubooter.com
110,crazyamp.me
111,critical-boot.com
112,critical-stresser.com
113,criticalsecurity.to
114,criticalstresser.com
115,cryptostresser.com
116,crystalstresser.com
117,cstress.net
118,cyber-sst.com
119,cyberstresser.org
120,cybertester.net
121,dank.to
122,dankstresser.net
123,darealbooter.net
124,darkbooter.com
125,darkbooter.fr
126,darkbooter.org
127,darkddos.xyz
128,darkmethods.info
129,darkstresser.info
130,darkstresser.net
131,darkstresser.nl
132,darkstresser.org
133,darkstresser.weebly.com
134,darkunion-booter.net
135,dashstresser.xyz
136,databooter.com
137,dataslap.co
138,ddos-block.com
139,ddos-fighter.com
140,ddos-him.com
141,ddos-ip.com
142,ddos-monitor.ru
143,ddos-service.so
144,ddos.city
145,ddos.click
146,ddos.tools
147,ddosapi.co.uk
148,ddosbouncer.com
149,ddosbreak.com
150,ddosclub.com
151,ddoscover.com
152,ddoseminc.com
153,ddoser.pw
154,ddoser.xyz
155,ddosit.net
156,ddosit.us
157,ddosnow.com
158,ddospower.com
159,ddossite.com
160,ddostest.me
161,ddostheworld.com
162,deadlyboot.net
163,deathstress.com
164,deathstresser.com
165,dedicatedstresser.net
166,defcon.pro
167,defconpro.net
168,defianceprotocol.com
169,defnet.work
170,dejabooter.com
171,delta-stresser.xyz
172,deluxestresser.com
173,demonstresser.eu
174,denial-stresser.com
175,destressbooter.com
176,destressnetworks.com
177,destroy-stresser.fr
178,devicestresser.net
179,devilstresser.net
180,diablestresser.info
181,diamond-stresser.com
182,diamond-stresser.net
183,diamond-stresser.pw
184,diebooter.com
185,diebooter.net
186,directnodes.net
187,disconnected.rip
188,discordapp.com
189,divinestresser.com
190,divinestresser.info
191,dmbooter.net
192,dns-ddos.net
193,dnsprotocol.net
194,dnsprotocol.org
195,dnsprotocol.pw
196,dopestresser.pw
197,down-stresser.com
198,down-stresser.us
199,downboot.xyz
200,downed.co
201,downloaddosgamesfree.com
202,downthem.org
203,dream-stresser.com
204,dreamstresser.com
205,drophub.io
206,dropper.ws
207,dropthem.pro
208,dropzonestresser.com
209,dstat.cc
210,dstresser.net
211,easy-down.com
212,ebolastresser.com
213,ebooter.5gbfree.com
214,eclipsestresser.co
215,elite-booter.net
216,elyxa-stresser.net
217,emaizstresser.net
218,emo-stresser.com
219,emperor-services.com
220,enemystresser.com
221,epic-stresser.com
222,equinoxstresser.net
223,equivalent-stresser.net
224,era-stresser.com
225,era-stresser.us
226,eraservices.co
227,erast.pw
228,eternal-stresser.com
229,eternalstresser.pw
230,etherboot.co
231,every-stresser.com
232,evilbooter.net
233,exclusive-stresser.com
234,exclusivestresser.net
235,exhilebooter.net
236,exile-stresser.net
237,exitus.in
238,exitus.to
239,exodus-stresser.pw
240,exostress.in
241,exotic-stresser.com
242,expedientstresser.com
243,exploitstresser.org
244,exresolver.jouwweb.nl
245,extremebooter.net
246,extremedown.co
247,extremedown.pw
248,fagstresser.net
249,fatal-stresser.com
250,fbi-stresser.eu
251,fgxstresser.com
252,fiberstresser.com
253,flashstresser.net
254,foreverinfamous.com
255,formalitystresser.com
256,fpsfuture.info
257,frankgijsgang.nl
258,free-boot.xyz
259,free-booter.nl
260,freeboot.pro
261,freebooter.co
262,freebooter.pw
263,freebooter4.me
264,freeddosbooter.com
265,freeipstress.com
266,freeipstresser.com
267,freestresser.net
268,freestresser.xyz
269,freezystresser.nl
270,frostorm.pw
271,frostorm.pw/index.php
272,frozenstresser.net
273,fruitstresser.com
274,fruitstresser.net
275,fucked-up.pw
276,fuzestresser.net
277,fz-stresser.xyz
278,getsmack.de
279,ghostsecurityteam.com
280,ghoststresser.com
281,gigabooter.com
282,gigastress.net
283,globalstresser.net
284,goblinstresser.com
285,grimboot.com
286,grimbooter.com
287,gtasecurityteam.com
288,gtastresser.com
289,guccistresser.com
290,h4x-stresser.us
291,hack-tool.pro
292,hardstress.com
293,hazebooter.com
294,heavystresser.com
295,heddos.net
296,hexstresser.net
297,hoodstresser.xyz
298,horizon-stresser.eu
299,hornystress.me
300,hydrastresser.xyz
301,hydrostress.com
302,hydrostress.net
303,hyperstresser.com
304,hyperstresser.xyz
305,iceberg-stresser.com
306,iddos.net
307,illuminati-products.net
308,imbeingddosed.com
309,imsocool.info
310,inboot.me
311,infectedstresser.com
312,infectedstresser.net
313,inferno-stress.com
314,instabooter.com
315,instant-stress.xyz
316,instant-stresser.com
317,instant-stresser.pw
318,instant-stresser.se
319,instantboot.org
320,instantdown.net
321,instantdown.pw
322,instantdown.se
323,instinctproducts.com
324,ionbooter.com
325,ip-droper.cf
326,ipbooter.com
327,ipbooter.ec
328,ipbooter.pw
329,ipbooter.st
330,ipkiller.net
331,ipslay.com
332,ipstresser.co
333,ipstresser.com
334,ipstressers.net
335,ipstresstest.com
336,iraven.cc
337,iraven.cc/tools/stresser
338,iridiumstresser.net
339,isitdownyet.com
340,jedistresser.com
341,jetbooter.com
342,jitterstresser.com
343,k-stress.pw
344,kalistresser.com
345,kappastresser.nl
346,kenkastresser.com
347,keronith.pw
348,kidstresser.com
349,kill-lider-stresser.com
350,killbooter.com
351,kingdombooter.cf
352,kronosbooter.com
353,kryptonic.pw
354,kryptonstresser.com
355,kth-stress.tk
356,kushbooter.org
357,layer-4.com
358,layer7-stresser.com
359,layer7-stresser.xyz
360,layer7.pw
361,legendboots.tk
362,legionboot.com
363,legionbooter.info
364,legionstress.net
365,level347.to
366,lexsk-stresser.fr
367,lifetimeboot.com
368,lifetimes.pw
369,lightboot.org
370,logicstresser.com
371,logicstresser.net
372,luckybooteronline.altervista.org
373,lunarstresser.com
374,madstresser.net
375,mafiastresser.com
376,magmastresser.com
377,masterboot.net
378,masterstresser.com
379,maximumstresser.com
380,maxstresser.com
381,mcbot.co
382,mcstress.pw
383,mcstresser.tk
384,menestresser.xyz
385,mentalstress.club
386,mercilesstresser.com
387,merguez-api.eu
388,meteor-stresser.com
389,meteor-stresser.to
390,metro-stresser.ga
391,microstresser.net
392,minecraftstresser.com
393,mini-booter.com
394,modem.rip
395,most-booter.info
396,muxbooter.com
397,mystresser.com
398,myutro-stresser.com
399,national-stresser.com
400,national-stresser.net
401,nationalstresser.net
402,nemesisbooter.com
403,neptunestresser.com
404,net-boot.net
405,netbooter.info
406,netbreak.ec
407,netbunker.my
408,netdown.pw
409,netspoof.com
410,netspoof.net
411,netstress.net
412,netstress.org
413,network-stresser.net
414,network-stresser.pw
415,network-stressing.net
416,network.apocalypse-solutions.com
417,networkstress.xyz
418,networkstresser.com
419,networkstresser.net
420,networkstresser.org
421,nfuze.cf
422,nightlystresser.ml
423,nightstress.net
424,nightstresser.xyz
425,ninjastresser.com
426,nismitstresser.net
427,nismostresser.com
428,nitrousstresser.com
429,nortonstresser.com
430,notoriousbooter.com
431,nstats.pw
432,nstress.com
433,nuclearipstresser.com
434,nuke.gg
435,nuke.pe.hu
436,nullbooter.club
437,nullbooter.net
438,nulled.ltd
439,nullednetwork.com
440,obeystresser.com
441,ocstresser.com
442,ogstresserz.com
443,olympusstresser.org
444,omega-stresser.us
445,onestress.com
446,onestresser.net
447,onionbooter.com
448,onionstresser.com
449,onlinebooter.net
450,opaquebooter.weebly.com
451,optimusstresser.com
452,overflow.ltd
453,ovh-stresser.com
454,packets.tk
455,parabooter.com
456,payperboot.net
457,pbooter.com
458,phoenixstresser.com
459,pineapple-stresser.com
460,piratestress.pro
461,piratestresser.com
462,pokent.com
463,polystress.com
464,power-stress.pw
465,powerapi.pw
466,powerapiv2.com
467,powerboot.net
468,powerbooter.co.uk
469,powerdos.co.uk
470,powerstress.com
471,powerstress.org
472,powerstresser.com
473,prevail.pw
474,primestresser.pw
475,private-stresser.com
476,privateio.eu
477,privateroot.fr
478,prototype-sec.com
479,ps4booter.com
480,psychz-stresser.xyz
481,pulsebooter.net
482,purestress.net
483,putinstresser.eu
484,quantumbooter.net
485,quantumstress.net
486,quantumstresser.com
487,quantumstresser.net
488,quezstresser.com
489,rackstress.pw
490,rackstress.se
491,ragebooter.com
492,ragebooter.net
493,raidstresser.com
494,rav3nstresser.net
495,rawlayer.com
496,reafstresser.ga
497,realystresser.com
498,rebel-security.com
499,rebornstresser.net
500,red-stresser.com
501,refinedstresser.net
502,rekbitch.com
503,renegade-products.net
504,request.rip
505,requesttimeout.org
506,respawn.ca
507,restartstresser.com
508,restricted-stresser.info
509,revolutionstresser.com
510,riotstresser.com
511,ripstresser.com
512,roudmc.com
513,routerslap.com
514,routersmash.com
515,royalbooter.de
516,rus2iabooter.com
517,safesky-booter.xyz
518,safestresser.com
519,securitystresser.ml
520,securitystresser.net
521,securityteam.io
522,seraph-stresser.xyz
523,sexybooter.net
524,shadesecurityteam.com
525,shamar.hol.es
526,sharkstresser.com
527,shawty.club
528,signalstresser.com
529,silence-stresser.com
530,silverstresser.com
531,simplestresser.com
532,simplicitypanel.xyz
533,skatebooter.pw
534,skid.rip
535,skidbooter.info
536,skidstresser.net
537,skyking.ltd
538,skypebooter.com
539,skypestresser.com
540,skystresser.com
541,smokestresser.com
542,snow-services.com
543,snowstresser.com
544,snowstresser.net
545,solarbooter.net
546,space-boot.com
547,spark-stresser.pw
548,speed-stresser.com
549,speedsecurity.pw
550,spidercraft.tk
551,spoofed.co
552,spoofedboot.com
553,stagestresser.com
554,starkstresser.com
555,staticstresser.xyz
556,stealthstresser.info
557,stormbooter.com
558,stormstresser.co
559,stormstresser.net
560,str3ssed.co
561,str3ssed.me
562,str3sser.com
563,stress-me.fr
564,stress-me.io
565,stress-me.net
566,stress.so
567,stress.wtf
568,stressboss.net
569,stressdown.ml
570,stressed.host
571,stressed.pw
572,stressem-networks.pw
573,stressem.ninja
574,stresser.cc
575,stresser.club
576,stresser.fsec.xyz
577,stresser.in
578,stresser.info
579,stresser.network
580,stresser.org
581,stresser.ru
582,stresser.to
583,stresser.wtf
584,stresserbooter.com
585,stresserddos.com
586,stresserit.com
587,stresserplus.com
588,stresshub.io
589,stresshub.pw
590,stressthem.to
591,strong-stresser.com
592,stuxstresser.com
593,superiorstresser.com
594,superstresser.com
595,superstresser.net
596,supremesecurity.com
597,supremesecurity.cz
598,supremesecurityteam.com
599,supremestresser.com
600,supremestresser.net
601,synbooter.ga
602,synstress.net
603,takedown.xyz
604,talkshitgethit.comli.com
605,team-boot.com
606,terminalstresser.net
607,teslabooter.com
608,testing0.ipstresser.com
609,thebooter.co
610,thestresser.com
611,thunderstresser.com
612,time-stresser.pw
613,timed-out.pw
614,tingboot.info
615,titanbooter.net
616,titaniumbooter.comuv.com
617,titaniumbooter.net
618,titaniumstresser.net
619,topbooter.com
620,topbooter.net
621,topstressers.com
622,torsecurityteam.org
623,toxicstresser.me
624,triggerzone.xyz
625,ts3booter.net
626,uchiwa-hack.com
627,ufa-booters-tools.com
628,umbrealla-stresser.biz
629,umbstresser.net
630,underattack.biz
631,undisclosed.to
632,unknownbooter.co
633,unob.ninja
634,unseenbooter.com
635,ustress.co
636,v3rmillionbooter.info
637,vastresser.ru
638,vbooter.com
639,vbooter.org
640,vbooter.pw
641,vdos-s.co
642,vdos-s.com
643,vdoss.net
644,vedbex.com
645,vedbex.com/tools/stresser
646,vegastresser.net
647,vengeancestresser.com
648,vex-stresser.net
649,vietbooter.com
650,viperstresser.us
651,voxel.gq
652,vps-booter.com
653,vpstresser.com
654,vulnboot.pw
655,warning-stresser.com
656,webbooter.com
657,websecurityteam.org
658,webstress.cc
659,webstress.ga
660,webstresser.biz
661,webstresser.club
662,webstresser.co
663,webstresser.info
664,webstresser.org
665,webstresser.xyz
666,webtester.pw
667,westsidebooter.com
668,wickedstresser.com
669,wifi.rip
670,wifistresser.net
671,wifistruggles.com
672,wifistruggles.net
673,wifistruggles.org
674,wifistruggles.pw
675,wifistruggles.us
676,wnddos.com
677,wrtu-stresser.com
678,www.ipstresser.com
679,www.topbooter.net
680,wyfi-stresser.com
681,xblbooter.org
682,xbloutlawz.info
683,xblunter.co
684,xblunter.net
685,xboot.net
686,xboxonebooter.com
687,xenon-booter.com
688,xenon-stresser.com
689,xkovx.ninja
690,xplodestresser.pw
691,xr8edstresser.com
692,xrshellbooter.com
693,xrstresser.net
694,xstresser.me
695,xtreme.cc
696,xtremebooter.com
697,xtremebooter.pw
698,xyzbooter.online
699,xzstresser.co
700,yakuzastresser.com
701,youboot.net
702,z0mb00ter.cc
703,z7inc.com
704,zenstresser.net
705,zerano.club
706,zh-stresser.com
707,zodiac-stresser.com
708,zstress.info
709,zstress.net
710,zstresser.club
711,zstresser.com
712,zynenstresser.us
