cybertester.net;12
piratestress.pro;60
netdown.pw;30
defcon.pro;0
rackstress.pw;60
inferno-stress.com;0
kronosbooter.com;0
nstress.com;80
superiorstresser.com;10
quantumbooter.net;0
powerboot.net;0
stresshub.io;0
iddos.net;50
booter.pw;30
netstress.org;0
networkstresser.com;70
str3ssed.me;50
cloudstress.com;30
critical-boot.com;100
booter.ninja;0
meteor-stresser.com;245
booter.xyz;10
dankstresser.net;35
fruitstresser.net;0
ragebooter.net;15
easy-down.com;40
boot4free.com;0
bootyou.net;50
blunter.xyz;250
vbooter.org;8
vedbex.com;0
webstresser.org;350
freebooter.co;5
ipstresser.com;3