asylumstresser.com;nan;nan;20180223
boot4free.com;411074.0;465180.0;20180223
booter.ninja;876678.0;679655.0;20180223
booter.xyz;659964.0;703671.0;20180223
bootr.org;nan;nan;20180223
connectionstresser.com;nan;nan;20180223
darkstresser.weebly.com;13270339.0;nan;20180223
ddos.tools;nan;nan;20180223
downthem.org;nan;nan;20180223
freestresser.net;nan;nan;20180223
ghoststresser.com;5357320.0;5212164.0;20180223
hyperstresser.com;nan;nan;20180223
iddos.net;1147159.0;1887898.0;20180223
ipstresser.com;122104.0;143572.0;20180223
networkstresser.com;998750.0;1112658.0;20180223
nuke.pe.hu;nan;nan;20180223
nullednetwork.com;nan;nan;20180223
opaquebooter.weebly.com;nan;nan;20180223
quantumbooter.net;1341304.0;1250544.0;20180223
quantumstresser.com;nan;nan;20180223
quantumstresser.net;nan;nan;20180223
signalstresser.com;nan;nan;20180223
str3ssed.me;994206.0;1411338.0;20180223
strong-stresser.com;12976291.0;nan;20180223
vbooter.org;284549.0;384780.0;20180223
xboot.net;17975726.0;nan;20180223
bullstresser.ovh;nan;nan;20180223
freebooter.co;153212.0;181667.0;20180223
critical-boot.com;931011.0;935590.0;20180223
cyberstresser.org;nan;nan;20180223
defcon.pro;1954877.0;2639752.0;20180223
stresser.network;nan;nan;20180223
webstresser.org;173261.0;220920.0;20180223
cloudstress.com;989683.0;692462.0;20180223
inferno-stress.com;1596203.0;1350536.0;20180223
vdos-s.co;4843761.0;8271384.0;20180223
easy-down.com;542444.0;1154480.0;20180223
wyfi-stresser.com;15379088.0;10326221.0;20180223
ipbooter.com;6605852.0;nan;20180223
kronosbooter.com;1508591.0;2122807.0;20180223
dankstresser.net;610564.0;3023729.0;20180223
vedbex.com;269037.0;439242.0;20180223
netstress.org;1099134.0;901147.0;20180223
superiorstresser.com;1367825.0;1445427.0;20180223
defianceprotocol.com;19308530.0;11751929.0;20180223
ampbox.me;6133344.0;nan;20180223
kill-lider-stresser.com;18989075.0;nan;20180223
webtester.pw;12091963.0;14456341.0;20180223
booter.pw;1124833.0;9964069.0;20180223
netdown.pw;1978066.0;2539215.0;20180223
stresshub.io;1174608.0;2011501.0;20180223
rackstress.pw;1633780.0;nan;20180223
cybertester.net;2652001.0;nan;20180223
ddostest.me;6540031.0;nan;20180223
lightboot.org;4862540.0;nan;20180223
putinstresser.eu;3577847.0;15022012.0;20180223
quantumstress.net;4642913.0;1406462.0;20180223
ripstresser.com;7590880.0;4735196.0;20180223
supremestresser.net;nan;nan;20180223
viperstresser.us;7317023.0;10803350.0;20180223
bearstresser.xyz;14185700.0;2335976.0;20180223
eclipsestresser.co;nan;nan;20180223
stresser.info;nan;nan;20180223
meteor-stresser.com;827938.0;720431.0;20180223
bootyou.net;334418.0;621523.0;20180223
fruitstresser.net;585466.0;942575.0;20180223
zstresser.com;4228652.0;nan;20180223
dnsprotocol.net;nan;nan;20180223
powerboot.net;1289024.0;12347647.0;20180223
piratestress.pro;2023421.0;2034681.0;20180223
booter.gq;16594806.0;nan;20180223
booter.io;nan;nan;20180223
ragebooter.com;nan;nan;20180223
ragebooter.net;570954.0;608387.0;20180223
routerslap.com;nan;nan;20180223
blunter.xyz;301171.0;1020999.0;20180223
nstress.com;1369637.0;6209745.0;20180223
fucked-up.pw;4016517.0;2518418.0;20180223
